-- I totally didn't ask ChatGPT do to this one

\c shanyaairways;

-- Populating registered_users table with random data
INSERT INTO registered_users (first_name, last_name, login_name, password, email, phone_number, gender, user_type, reg_date, last_login)
VALUES 
('John', 'Doe', 'johndoe', 'password123', 'john.doe@example.com', '123-456-7890', 'Male', 'User', '2023-01-01', '2023-01-15'),
('Jane', 'Smith', 'janesmith', 'password123', 'jane.smith@example.com', '098-765-4321', 'Female', 'Admin', '2023-02-01', '2023-02-15'),
('Alice', 'Johnson', 'alicejohnson', 'password123', 'alice.johnson@example.com', '456-789-0123', 'Female', 'User', '2023-03-01', '2023-03-15'),
('Bob', 'Brown', 'bobbrown', 'password123', 'bob.brown@example.com', '789-012-3456', 'Male', 'User', '2023-04-01', '2023-04-15'),
('Charlie', 'Davis', 'charliedavis', 'password123', 'charlie.davis@example.com', '321-654-0987', 'Male', 'User', '2023-05-01', '2023-05-15'),
('Diana', 'Martinez', 'dianamartinez', 'password123', 'diana.martinez@example.com', '234-567-8901', 'Female', 'User', '2023-06-01', '2023-06-15'),
('Eve', 'Taylor', 'evetaylor', 'password123', 'eve.taylor@example.com', '345-678-9012', 'Female', 'Admin', '2023-07-01', '2023-07-15'),
('Frank', 'Wilson', 'frankwilson', 'password123', 'frank.wilson@example.com', '456-789-0123', 'Male', 'User', '2023-08-01', '2023-08-15');

-- Populating locations table with random data
INSERT INTO locations (location_name) VALUES 
('Doha, Qatar'),
('Dubai, UAE'),
('Abu Dhabi, UAE'),
('Riyadh, Saudi Arabia'),
('Jeddah, Saudi Arabia'),
('Muscat, Oman'),
('Beirut, Lebanon'),
('Manama, Bahrain'),
('Cairo, Egypt'),
('Addis Ababa, Ethiopia'),
('Dar Es Salaam, Tanzania'),
('Nairobi, Kenya'),
('Athens, Greece'),
('Istanbul, Turkey'),
('Istanbul, Turkey'),
('Beijing, China'),
('Beijing, China'),
('Amsterdam, Netherlands'),
('Munich, Germany'),
('Paris, France'),
('London, UK'),
('London, UK'),
('Barcelona, Spain'),
('New York, USA'),
('New York, USA'),
('New York, USA'),
('Chicago, USA'),
('Chicago, USA'),
('Madrid, Spain'),
('Kuala Lumpur, Malaysia'),
('Bangkok, Thailand'),
('Manila, Philippines'),
('Singapore'),
('Colombo, Sri Lanka'),
('Mumbai, India'),
('Delhi, India'),
('Larnaca, Cyprus'),
('Jakarta, Indonesia'),
('Tokyo, Japan'),
('Johannesburg, South Africa'),
('Davao, Philippines'),
('Islamabad, Pakistan'),
('Lahore, Pakistan'),
('Milan, Italy'),
('Rome, Italy'),
('Abidjan, Côte d''Ivoire'),
('Accra, Ghana'),
('Adana, Turkey'),
('Ahmedabad, India'),
('Alexandria, Egypt'),
('Algiers, Algeria'),
('Almaty, Kazakhstan'),
('Amman, Jordan'),
('Amritsar, India'),
('Angeles City, Philippines'),
('Ankara, Turkey'),
('Antalya, Turkey'),
('Atlanta, USA'),
('Baku, Azerbaijan'),
('Bamako, Mali'),
('Bandar Seri Begawan, Brunei'),
('Bangalore, India'),
('Berlin, Germany'),
('Blantyre, Malawi'),
('Boston, USA'),
('Brussels, Belgium'),
('Bucharest, Romania'),
('Cape Town, South Africa'),
('Casablanca, Morocco'),
('Chennai, India'),
('Colombo, Sri Lanka'),
('Copenhagen, Denmark'),
('Dallas, USA'),
('Dammam, Saudi Arabia'),
('Denpasar, Bali, Indonesia'),
('Denver, USA'),
('Detroit, USA'),
('Dhaka, Bangladesh'),
('Diass, Senegal'),
('Don Mueang, Thailand'),
('Dublin, Ireland'),
('Dulles, USA'),
('Durban, South Africa'),
('Düsseldorf, Germany'),
('Edinburgh, UK'),
('Entebbe, Uganda'),
('Frankfurt, Germany'),
('Geneva, Switzerland'),
('Goa, India'),
('Guangzhou, China'),
('Gudja, Malta'),
('Hahn, Germany'),
('Hamburg, Germany'),
('Hangzhou, China'),
('Harare, Zimbabwe'),
('Ho Chi Minh City, Vietnam'),
('Hong Kong, China'),
('Honolulu, USA'),
('Houston, USA'),
('Hurghada, Egypt'),
('Hyderabad, India'),
('Indore, India'),
('Jaipur, India'),
('Karachi, Pakistan'),
('Kathmandu, Nepal'),
('Kiev, Ukraine'),
('Kigali, Rwanda'),
('Kobe, Japan'),
('Kochi, India'),
('Kolkata, India'),
('Kozhikode, India'),
('Kuala Lumpur, Malaysia'),
('Kuwait City, Kuwait'),
('Lagos, Nigeria'),
('Lanseria, South Africa'),
('Larnaca, Cyprus'),
('Lilongwe, Malawi'),
('Lisbon, Portugal'),
('Lomé, Togo'),
('Los Angeles, USA'),
('Luanda, Angola'),
('Lucknow, India'),
('Lusaka, Zambia'),
('Luxembourg City, Luxembourg'),
('Luxor, Egypt'),
('Madinah, Saudi Arabia'),
('Mahe Island, Seychelles'),
('Male, Maldives'),
('Manchester, UK'),
('Maputo, Mozambique'),
('Mauritius, Mauritius'),
('Melbourne, Australia'),
('Mexico City, Mexico'),
('Miami, USA'),
('Milan/Bergamo, Italy'),
('Minneapolis, USA'),
('Montreal, Canada'),
('Moscow, Russia'),
('Multan, Pakistan'),
('Mumbai, India'),
('Newark, USA'),
('Nice, France'),
('Astana, Kazakhstan'),
('Orlando, USA'),
('Osaka, Japan'),
('Phuket, Thailand'),
('Portland, USA'),
('Prague, Czech Republic'),
('Pune, India'),
('Quetta, Pakistan'),
('Riga, Latvia'),
('San Diego, USA'),
('San Francisco, USA'),
('São Paulo, Brazil'),
('Seattle, USA'),
('Seoul, South Korea'),
('Shanghai, China'),
('Sharm El Sheikh, Egypt'),
('Sofia, Bulgaria'),
('St Denis de la Reunion, Réunion'),
('Stockholm, Sweden'),
('Sydney, Australia'),
('Sylhet, Bangladesh'),
('Taipei, Taiwan'),
('Tashkent, Uzbekistan'),
('Tel Aviv Yafo, Israel'),
('Tokoname, Japan'),
('Toronto, Canada'),
('Trabzon, Turkey'),
('Tripoli, Libya'),
('Tunis, Tunisia'),
('Vancouver, Canada'),
('Vantaa, Finland'),
('Vienna, Austria'),
('Warsaw, Poland'),
('Washington, USA'),
('Yerevan, Armenia'),
('Zanzibar, Tanzania'),
('Zurich, Switzerland');

-- Populating airports table with random data
-- Make sure airport_location_id refers to existing locations
INSERT INTO airports (airport_name, airport_code, airport_location_id, airport_location, airport_lattitude, airport_longitude, airport_status)
VALUES 
('Hamad International Airport', 'DOH', 1, 'Doha, Qatar', 25.273056, 51.608056, 'Active'),
('Dubai International Airport', 'DXB', 2, 'Dubai, UAE', 25.252778, 55.364444, 'Active'),
('Abu Dhabi International Airport', 'AUH', 3, 'Abu Dhabi, UAE', 24.433056, 54.651111, 'Active'),
('King Khalid International Airport', 'RUH', 4, 'Riyadh, Saudi Arabia', 24.9575, 46.698056, 'Active'),
('King Abdulaziz International Airport', 'JED', 5, 'Jeddah, Saudi Arabia', 21.679444, 39.156389, 'Active'),
('Muscat International Airport', 'MCT', 6, 'Muscat, Oman', 23.593333, 58.284444, 'Active'),
('Beirut Rafic Hariri International Airport', 'BEY', 7, 'Beirut, Lebanon', 33.820833, 35.488333, 'Active'),
('Bahrain International Airport', 'BAH', 8, 'Manama, Bahrain', 26.270833, 50.633611, 'Active'),
('Cairo International Airport', 'CAI', 9, 'Cairo, Egypt', 30.121944, 31.405556, 'Active'),
('Addis Ababa Bole International Airport', 'ADD', 10, 'Addis Ababa, Ethiopia', 8.977778, 38.799444, 'Active'),
('Julius Nyerere International Airport', 'DAR', 11, 'Dar Es Salaam, Tanzania', -6.878056, 39.202778, 'Active'),
('Jomo Kenyatta International Airport', 'NBO', 12, 'Nairobi, Kenya', -1.319167, 36.927222, 'Active'),
('Athens International Airport', 'ATH', 13, 'Athens, Greece', 37.936389, 23.944444, 'Active'),
('Istanbul Airport', 'IST', 14, 'Istanbul, Turkey', 41.262222, 28.727778, 'Active'),
('Sabiha Gökçen International Airport', 'SAW', 15, 'Istanbul, Turkey', 40.898611, 29.309167, 'Active'),
('Beijing Daxing International Airport', 'PKX', 16, 'Beijing, China', 39.509444, 116.410833, 'Active'),
('Beijing Capital International Airport', 'PEK', 17, 'Beijing, China', 40.080111, 116.584556, 'Active'),
('Amsterdam Schiphol Airport', 'AMS', 18, 'Amsterdam, Netherlands', 52.308611, 4.763889, 'Active'),
('Munich Airport', 'MUC', 19, 'Munich, Germany', 48.353889, 11.786111, 'Active'),
('Paris Charles de Gaulle Airport', 'CDG', 20, 'Paris, France', 49.009722, 2.547778, 'Active'),
('London City Airport', 'LCY', 21, 'London, UK', 51.505278, 0.055278, 'Active'),
('Heathrow Airport', 'LHR', 22, 'London, UK', 51.4775, -0.461389, 'Active'),
('Barcelona El Prat Airport', 'BCN', 23, 'Barcelona, Spain', 41.297078, 2.078464, 'Active'),
('John F. Kennedy International Airport', 'JFK', 24, 'New York, USA', 40.6413, -73.7781, 'Active'),
('LaGuardia Airport', 'LGA', 25, 'New York, USA', 40.776927, -73.873966, 'Active'),
('Newark Liberty International Airport', 'EWR', 26, 'New York, USA', 40.689531, -74.174462, 'Active'),
('Midway International Airport', 'MDW', 27, 'Chicago, USA', 41.786775, -87.752416, 'Active'),
('O''Hare International Airport', 'ORD', 28, 'Chicago, USA', 41.9742, -87.9073, 'Active'),
('Adolfo Suárez Madrid-Barajas Airport', 'MAD', 29, 'Madrid, Spain', 40.4983, -3.5676, 'Active'),
('Kuala Lumpur International Airport', 'KUL', 30, 'Kuala Lumpur, Malaysia', 2.7456, 101.7072, 'Active'),
('Suvarnabhumi Airport', 'BKK', 31, 'Bangkok, Thailand', 13.690, 100.750, 'Active'),
('Ninoy Aquino International Airport', 'MNL', 32, 'Manila, Philippines', 14.5086, 121.0194, 'Active'),
('Singapore Changi Airport', 'SIN', 33, 'Singapore', 1.3644, 103.9915, 'Active'),
('Bandaranaike International Airport', 'CMB', 34, 'Colombo, Sri Lanka', 7.180, 79.884, 'Active'),
('Chhatrapati Shivaji Maharaj International Airport', 'BOM', 35, 'Mumbai, India', 19.0896, 72.8656, 'Active'),
('Indira Gandhi International Airport', 'DEL', 36, 'Delhi, India', 28.5562, 77.1000, 'Active'),
('Larnaca International Airport', 'LCA', 37, 'Larnaca, Cyprus', 34.8751, 33.6247, 'Active'),
('Soekarno-Hatta International Airport', 'CGK', 38, 'Jakarta, Indonesia', -6.1256, 106.6558, 'Active'),
('Tokyo Haneda Airport', 'HND', 39, 'Tokyo, Japan', 35.5494, 139.7798, 'Active'),
('O. R. Tambo International Airport', 'JNB', 40, 'Johannesburg, South Africa', -26.1367, 28.2460, 'Active'),
('Francisco Bangoy International Airport', 'DVO', 41, 'Davao, Philippines', 7.1255, 125.6458, 'Active'),
('Islamabad International Airport', 'ISB', 42, 'Islamabad, Pakistan', 33.5495, 72.8288, 'Active'),
('Allama Iqbal International Airport', 'LHE', 43, 'Lahore, Pakistan', 31.5216, 74.4036, 'Active'),
('Milan Malpensa Airport', 'MXP', 44, 'Milan, Italy', 45.6306, 8.7281, 'Active'),
('Leonardo da Vinci–Fiumicino Airport', 'FCO', 45, 'Rome, Italy', 41.8003, 12.2389, 'Active'),
('Félix Houphouët-Boigny International Airport', 'ABJ', 46, 'Abidjan, Côte d''Ivoire', 5.2614, -3.9263, 'Active'),
('Kotoka International Airport', 'ACC', 47, 'Accra, Ghana', 5.6052, -0.1667, 'Active'),
('Adana Şakirpaşa Airport', 'ADA', 48, 'Adana, Turkey', 37.0017, 35.2800, 'Active'),
('Sardar Vallabhbhai Patel International Airport', 'AMD', 49, 'Ahmedabad, India', 23.0775, 72.6347, 'Active'),
('Borg El Arab Airport', 'HBE', 50, 'Alexandria, Egypt', 30.9177, 29.6964, 'Active'),
('Houari Boumediene Airport', 'ALG', 51, 'Algiers, Algeria', 36.6910, 3.2154, 'Active'),
('Almaty International Airport', 'ALA', 52, 'Almaty, Kazakhstan', 43.3521, 77.0405, 'Active'),
('Queen Alia International Airport', 'AMM', 53, 'Amman, Jordan', 31.7226, 35.9933, 'Active'),
('Sri Guru Ram Dass Jee International Airport', 'ATQ', 54, 'Amritsar, India', 31.7096, 74.7973, 'Active'),
('Clark International Airport', 'CRK', 55, 'Angeles City, Philippines', 15.1860, 120.5596, 'Active'),
('Esenboğa Airport', 'ESB', 56, 'Ankara, Turkey', 40.1281, 32.9951, 'Active'),
('Antalya Airport', 'AYT', 57, 'Antalya, Turkey', 36.8987, 30.8005, 'Active'),
('Hartsfield–Jackson Atlanta International Airport', 'ATL', 58, 'Atlanta, USA', 33.6407, -84.4277, 'Active'),
('Heydar Aliyev International Airport', 'GYD', 59, 'Baku, Azerbaijan', 40.4675, 50.0469, 'Active'),
('Modibo Keita International Airport', 'BKO', 60, 'Bamako, Mali', 12.5336, -7.9505, 'Active'),
('Brunei International Airport', 'BWN', 61, 'Bandar Seri Begawan, Brunei', 4.9442, 114.9283, 'Active'),
('Kempegowda International Airport', 'BLR', 62, 'Bangalore, India', 13.1986, 77.7066, 'Active'),
('Berlin Brandenburg Airport', 'BER', 63, 'Berlin, Germany', 52.3667, 13.5033, 'Active'),
('Chileka International Airport', 'BLZ', 64, 'Blantyre, Malawi', -15.6791, 34.9740, 'Active'),
('Logan International Airport', 'BOS', 65, 'Boston, USA', 42.3656, -71.0096, 'Active'),
('Brussels Airport', 'BRU', 66, 'Brussels, Belgium', 50.9009, 4.4856, 'Active'),
('Henri Coandă International Airport', 'OTP', 67, 'Bucharest, Romania', 44.5728, 26.1025, 'Active'),
('Cape Town International Airport', 'CPT', 68, 'Cape Town, South Africa', -33.9692, 18.5972, 'Active'),
('Mohammed V International Airport', 'CMN', 69, 'Casablanca, Morocco', 33.3675, -7.5900, 'Active'),
('Chennai International Airport', 'MAA', 70, 'Chennai, India', 13.0101, 80.1849, 'Active'),
('Colombo Bandaranaike International Airport', 'CMB', 71, 'Colombo, Sri Lanka', 7.180, 79.884, 'Active'),
('Copenhagen Airport', 'CPH', 72, 'Copenhagen, Denmark', 55.6180, 12.6562, 'Active'),
('Dallas/Fort Worth International Airport', 'DFW', 73, 'Dallas, USA', 32.8998, -97.0403, 'Active'),
('King Fahd International Airport', 'DMM', 74, 'Dammam, Saudi Arabia', 26.4711, 49.7978, 'Active'),
('Ngurah Rai International Airport', 'DPS', 75, 'Denpasar, Bali, Indonesia', -8.7481, 115.1672, 'Active'),
('Denver International Airport', 'DEN', 76, 'Denver, USA', 39.8561, -104.6737, 'Active'),
('Detroit Metropolitan Airport', 'DTW', 77, 'Detroit, USA', 42.2125, -83.3533, 'Active'),
('Hazrat Shahjalal International Airport', 'DAC', 78, 'Dhaka, Bangladesh', 23.8433, 90.3978, 'Active'),
('Blaise Diagne International Airport', 'DSS', 79, 'Diass, Senegal', 14.6708, -17.0683, 'Active'),
('Don Mueang International Airport', 'DMK', 80, 'Don Mueang, Thailand', 13.9125, 100.6067, 'Active'),
('Dublin Airport', 'DUB', 81, 'Dublin, Ireland', 53.4213, -6.2701, 'Active'),
('Washington Dulles International Airport', 'IAD', 82, 'Dulles, USA', 38.9531, -77.4565, 'Active'),
('King Shaka International Airport', 'DUR', 83, 'Durban, South Africa', -29.6144, 31.1197, 'Active'),
('Düsseldorf Airport', 'DUS', 84, 'Düsseldorf, Germany', 51.2895, 6.7668, 'Active'),
('Edinburgh Airport', 'EDI', 85, 'Edinburgh, UK', 55.9500, -3.3725, 'Active'),
('Entebbe International Airport', 'EBB', 86, 'Entebbe, Uganda', 0.0424, 32.4433, 'Active'),
('Frankfurt Airport', 'FRA', 87, 'Frankfurt, Germany', 50.0379, 8.5622, 'Active'),
('Geneva Airport', 'GVA', 88, 'Geneva, Switzerland', 46.2383, 6.1096, 'Active'),
('Goa International Airport', 'GOI', 89, 'Goa, India', 15.3800, 73.8311, 'Active'),
('Guangzhou Baiyun International Airport', 'CAN', 90, 'Guangzhou, China', 23.3925, 113.2992, 'Active'),
('Malta International Airport', 'MLA', 91, 'Gudja, Malta', 35.8575, 14.4775, 'Active'),
('Frankfurt-Hahn Airport', 'HHN', 92, 'Hahn, Germany', 49.9483, 7.2639, 'Active'),
('Hamburg Airport', 'HAM', 93, 'Hamburg, Germany', 53.6303, 9.9883, 'Active'),
('Hangzhou Xiaoshan International Airport', 'HGH', 94, 'Hangzhou, China', 30.2295, 120.4344, 'Active'),
('Harare International Airport', 'HRE', 95, 'Harare, Zimbabwe', -17.9318, 31.0936, 'Active'),
('Tan Son Nhat International Airport', 'SGN', 96, 'Ho Chi Minh City, Vietnam', 10.8189, 106.6519, 'Active'),
('Hong Kong International Airport', 'HKG', 97, 'Hong Kong, China', 22.3089, 113.9150, 'Active'),
('Daniel K. Inouye International Airport', 'HNL', 98, 'Honolulu, USA', 21.3187, -157.9224, 'Active'),
('George Bush Intercontinental Airport', 'IAH', 99, 'Houston, USA', 29.9902, -95.3368, 'Active'),
('Hurghada International Airport', 'HRG', 100, 'Hurghada, Egypt', 27.1783, 33.7994, 'Active');

-- Populating aircrafts table with random data
INSERT INTO aircrafts (aircraft_name, aircraft_type, aircraft_status)
VALUES 
('Boeing 747', 'Wide-body', 'Active'),
('Airbus A380', 'Wide-body', 'Active'),
('Boeing 787', 'Wide-body', 'Active'),
('Airbus A350', 'Wide-body', 'Active'),
('Boeing 777', 'Wide-body', 'Active'),
('Airbus A330', 'Wide-body', 'Active'),
('Boeing 767', 'Wide-body', 'Active'),
('Airbus A320', 'Narrow-body', 'Active');

-- Populating pilots table with random data
INSERT INTO pilots (first_name, last_name, email, phone_number)
VALUES 
('Tom', 'Hanks', 'tom.hanks@example.com', '123-555-7890'),
('Emma', 'Watson', 'emma.watson@example.com', '098-555-4321'),
('Robert', 'Downey', 'robert.downey@example.com', '456-555-0123'),
('Scarlett', 'Johansson', 'scarlett.johansson@example.com', '789-555-3456'),
('Chris', 'Evans', 'chris.evans@example.com', '321-555-6789'),
('Natalie', 'Portman', 'natalie.portman@example.com', '654-555-3210'),
('Mark', 'Ruffalo', 'mark.ruffalo@example.com', '987-555-6543'),
('Gal', 'Gadot', 'gal.gadot@example.com', '210-555-9876');

-- Populating routes table with random data
INSERT INTO routes (route_name, departure_airport_id, arrival_airport_id, distance, duration, route_status)
VALUES 
('New York to Los Angeles', 24, 99, 3936.75, '06:00', 'Active'),
('Los Angeles to Chicago', 99, 28, 2804.34, '04:30', 'Active'),
('Chicago to Houston', 28, 99, 1512.64, '02:30', 'Active'),
('Houston to Phoenix', 99, 40, 1884.94, '03:00', 'Active'),
('Phoenix to New York', 40, 24, 3463.50, '05:30', 'Active');

-- Populating flights table with random data
INSERT INTO flights (flight_number, route_id, departure_time, arrival_time, economy_seats_available, business_seats_available, first_class_seats_available, economy_class_fare, business_class_fare, first_class_fare, aircraft_id, pilot_id)
VALUES 
('FL001', 1, '2023-07-01 08:00:00', '2023-07-01 14:00:00', 50, 20, 10, 300.00, 1500.00, 3000.00, 1, 1),
('FL002', 2, '2023-07-02 09:00:00', '2023-07-02 13:30:00', 50, 20, 10, 300.00, 1500.00, 3000.00, 2, 2),
('FL003', 3, '2023-07-03 10:00:00', '2023-07-03 12:30:00', 50, 20, 10, 300.00, 1500.00, 3000.00, 3, 3),
('FL004', 4, '2023-07-04 11:00:00', '2023-07-04 14:00:00', 50, 20, 10, 300.00, 1500.00, 3000.00, 4, 4),
('FL005', 5, '2023-07-05 12:00:00', '2023-07-05 17:30:00', 50, 20, 10, 300.00, 1500.00, 3000.00, 5, 5);

-- Populating bookings table with random data
INSERT INTO bookings (user_id, flight_id, booking_date, booking_status, seat_type, seat_number)
VALUES 
(1, 1, '2023-01-02', 'Confirmed', 'Economy', 12),
(2, 2, '2023-02-03', 'Confirmed', 'Business', 2),
(3, 3, '2023-03-04', 'Confirmed', 'First Class', 1),
(4, 4, '2023-04-05', 'Confirmed', 'Economy', 15),
(5, 5, '2023-05-06', 'Confirmed', 'Economy', 22),
(6, 1, '2023-06-07', 'Confirmed', 'Business', 8),
(7, 2, '2023-07-08', 'Confirmed', 'First Class', 3),
(8, 3, '2023-08-09', 'Confirmed', 'Economy', 18);

-- Populate tickets table with random data
INSERT INTO tickets (booking_id, ticket_number, ticket_status)
VALUES 
(1, 'TICKET1', 'Active'),
(2, 'TICKET2', 'Active'),
(3, 'TICKET3', 'Active'),
(4, 'TICKET4', 'Active'),
(5, 'TICKET5', 'Active'),
(6, 'TICKET6', 'Active'),
(7, 'TICKET7', 'Active'),
(8, 'TICKET8', 'Active');

-- Populate payments table with random data
INSERT INTO payments (booking_id, payment_date, payment_status, payment_amount)
VALUES 
(1, '2023-01-02', 'Completed', 300.00),
(2, '2023-02-03', 'Completed', 1500.00),
(3, '2023-03-04', 'Completed', 3000.00),
(4, '2023-04-05', 'Completed', 900.00),
(5, '2023-05-06', 'Completed', 400.00),
(6, '2023-06-07', 'Completed', 1700.00),
(7, '2023-07-08', 'Completed', 3200.00),
(8, '2023-08-09', 'Completed', 1000.00);

-- Populating feedbacks table with random data
INSERT INTO feedbacks (user_id, feedback_date, feedback_message)
VALUES 
(1, '2023-01-10', 'Great service!'),
(2, '2023-02-10', 'Comfortable flight.'),
(3, '2023-03-10', 'Good experience.'),
(4, '2023-04-10', 'Enjoyed the journey.'),
(5, '2023-05-10', 'Loved the food.'),
(6, '2023-06-10', 'Friendly staff.'),
(7, '2023-07-10', 'Smooth check-in process.'),
(8, '2023-08-10', 'Will fly again.');

-- Populating complaints table with random data
INSERT INTO complaints (user_id, complaint_date, complaint_message)
VALUES 
(1, '2023-01-15', 'Lost baggage.'),
(2, '2023-02-15', 'Delayed flight.'),
(3, '2023-03-15', 'Unfriendly staff.'),
(4, '2023-04-15', 'Uncomfortable seats.'),
(5, '2023-05-15', 'Inadequate legroom.'),
(6, '2023-06-15', 'Poor in-flight entertainment.'),
(7, '2023-07-15', 'Noisy cabin.'),
(8, '2023-08-15', 'Flight cancellation.');


SELECT generate_flights(100);
SELECT generate_promotions();
